<?xml version="1.0" encoding="UTF-8"?>
<faces-config xmlns="http://java.sun.com/xml/ns/javaee"
	xmlns:xsi="http://www.w3.org/2001/XMLSchema-instance"
	xsi:schemaLocation="http://java.sun.com/xml/ns/javaee 
    http://java.sun.com/xml/ns/javaee/web-facesconfig_2_0.xsd"
	version="2.0">
	<application>
		<resource-bundle>
			<base-name>jsf01.messages</base-name>
			<var>msg</var>
		</resource-bundle>
		<locale-config>
			<default-locale>en</default-locale>
		</locale-config>
		
	</application>

	<navigation-rule>
		<from-view-id>login.xhtml</from-view-id>
		<navigation-case>
			<from-action>#{loginBean.processLogin}</from-action>
			<from-outcome>loginSuccess</from-outcome>
			<to-view-id>users.xhtml</to-view-id>
		</navigation-case>
		<navigation-case>
			<from-action>#{loginBean.processLogin}</from-action>
			<from-outcome>loginFailed</from-outcome>
			<to-view-id>login.xhtml</to-view-id>
		</navigation-case>
	</navigation-rule>
	
	

</faces-config>